scenario,metric_group,metric,scale,n,proposed_median,proposed_q1,proposed_q3,proposed_mean,simple_median,simple_q1,simple_q3,simple_mean,per_agent_median,per_agent_q1,per_agent_q3,per_agent_mean,proposed_minus_simple_mean,proposed_minus_simple_bootstrap_ci_low,proposed_minus_simple_bootstrap_ci_high,proposed_wins_vs_simple,ties_vs_simple,proposed_loses_vs_simple,proposed_minus_per_agent_mean,proposed_minus_per_agent_bootstrap_ci_low,proposed_minus_per_agent_bootstrap_ci_high,proposed_wins_vs_per_agent,ties_vs_per_agent,proposed_loses_vs_per_agent,interpretation_class
None,Behavior distribution,Behavior.TVD,fixed_8_categories,30,0.000322086015,0.000134233713,0.000751284535,0.0005115433517,0.781507371984,0.781423271928,0.7816404443175,0.7802797985005667,0.0,0.0,0.0,0.0,-0.7797682551488666,-0.7808967995068908,-0.7785591961918491,30,0,0,0.0005115433517,0.00036490369195333336,0.0006760000663841669,0,1,29,Primary accuracy
None,Commitment continuity diagnostic,Continuity.CommitmentTaskActiveStatusMismatchRate,restore_home_relevant_paired_snapshots=0,30,0.0,0.0,0.0,0.0,1.0,1.0,1.0,0.9,0.0,0.0,0.0,0.0,-0.9,-1.0,-0.8,27,3,0,0.0,0.0,0.0,0,30,0,Secondary commitment diagnostic
None,Commitment continuity diagnostic,Continuity.CommitmentTaskRemainingHoursMAE,hours;paired_restore_home_active_snapshots=0,30,0.0,0.0,0.0,1.9809523809523666,0.0,0.0,0.0,0.0,0.0,0.0,0.0,0.0,1.9809523809523666,0.4666666666666667,3.980952380952367,0,24,6,1.9809523809523666,0.4666666666666667,3.980952380952367,0,24,6,Secondary commitment diagnostic
None,Player-visible continuity,Continuity.CurrentGoalMismatchRate,paired_snapshots=60,30,0.016666666667,0.016666666667,0.033333333333,0.025000000000133336,0.033333333333,0.016666666667,0.066666666667,0.04333333333336666,0.0,0.0,0.0,0.0,-0.018333333333233334,-0.02944444444433333,-0.008333333333266664,16,9,5,0.025000000000133336,0.018333333333500002,0.032222222222333334,0,5,25,Continuity
None,Internal diagnostic,Continuity.Diagnostic.EventIDExactMismatchRate,paired_snapshots=60;internal_representation_only,30,1.0,1.0,1.0,1.0,0.0916666666665,0.066666666667,0.133333333333,0.10944444444443333,0.0,0.0,0.0,0.0,0.8905555555555666,0.8705555555555322,0.9094444444444666,0,0,30,1.0,1.0,1.0,0,0,30,Diagnostic only
None,Internal diagnostic,Continuity.Diagnostic.ReservationIDExactMismatchRate,paired_snapshots=60;internal_representation_only,30,0.0,0.0,0.0,0.0,0.0,0.0,0.0,0.0,0.0,0.0,0.0,0.0,0.0,0.0,0.0,0,30,0,0.0,0.0,0.0,0,30,0,Diagnostic only
None,Internal diagnostic,Continuity.Diagnostic.TaskProgressExactMismatchRate,paired_snapshots=60;internal_representation_only,30,0.9083333333335,0.8708333333335,0.933333333333,0.8972222222221666,0.0916666666665,0.066666666667,0.133333333333,0.10944444444443333,0.0,0.0,0.0,0.0,0.7877777777777334,0.7488888888888667,0.8238888888889001,0,0,30,0.8972222222221666,0.8783333333333,0.9144444444444333,0,0,30,Diagnostic only
None,Player-visible continuity,Continuity.FirstActionMismatchRate,paired_snapshots=60,30,0.033333333333,0.016666666667,0.04583333333325,0.032222222222266665,0.033333333333,0.016666666667,0.066666666667,0.04333333333336666,0.0,0.0,0.0,0.0,-0.011111111111099999,-0.020555555555633334,-0.0027777777776999994,14,9,7,0.032222222222266665,0.024444444444466664,0.0405555555556,0,4,26,Continuity
None,Player-visible continuity,Continuity.HomeIDMismatchRate,paired_snapshots=60,30,0.0,0.0,0.0,0.0,0.0,0.0,0.0,0.0,0.0,0.0,0.0,0.0,0.0,0.0,0.0,0,30,0,0.0,0.0,0.0,0,30,0,Continuity
None,Player-visible continuity,Continuity.HomeStateMismatchRate,paired_snapshots=60,30,0.033333333333,0.016666666667,0.04583333333325,0.032222222222266665,0.166666666667,0.116666666667,0.183333333333,0.16222222222226668,0.0,0.0,0.0,0.0,-0.13,-0.14500000000006666,-0.11555555555550003,30,0,0,0.032222222222266665,0.024444444444466664,0.0405555555556,0,4,26,Continuity
None,Player-visible continuity,Continuity.InventoryWoodMAE,wood_per_paired_snapshot,30,0.066666666667,0.066666666667,0.133333333333,0.1066666666667,0.216666666667,0.15,0.25,0.21333333333333332,0.0,0.0,0.0,0.0,-0.10666666666663334,-0.13888888888883333,-0.0788888888887,30,0,0,0.1066666666667,0.07555555555559999,0.14000000000003332,0,7,23,Continuity
None,Player-visible continuity,Continuity.InventoryWoodMismatchRate,paired_snapshots=60,30,0.016666666667,0.016666666667,0.033333333333,0.0266666666667,0.1,0.1,0.116666666667,0.1083333333333,0.0,0.0,0.0,0.0,-0.0816666666666,-0.08888888888886666,-0.0749999999999,30,0,0,0.0266666666667,0.018888888888933333,0.03500000000003333,0,7,23,Continuity
None,Player-visible continuity,Continuity.InventoryWoodNormalizedMAE,abs_error_div_max_1_abs_oracle,30,0.066666666667,0.016666666667,0.09583333333325,0.06333333333336667,0.1,0.091666666667,0.116666666667,0.10458333333333333,0.0,0.0,0.0,0.0,-0.04124999999996667,-0.06013888888873332,-0.021944444444433338,24,0,6,0.06333333333336667,0.04333333333336666,0.08444444444446667,0,7,23,Continuity
None,Player-visible continuity,Continuity.KingdomMismatchRate,paired_snapshots=60,30,0.0,0.0,0.0,0.0,0.0,0.0,0.0,0.0,0.0,0.0,0.0,0.0,0.0,0.0,0.0,0,30,0,0.0,0.0,0.0,0,30,0,Continuity
None,Player-visible continuity,Continuity.MoneyMAE,coin_per_paired_snapshot,30,1.1416666666665,1.02500000000025,1.216666666667,1.1299999999999666,2.875,2.6791666666667497,2.9291666666665,2.8433333333333,0.0,0.0,0.0,0.0,-1.7133333333333334,-1.8005555555555663,-1.6238888888889003,30,0,0,1.1299999999999666,1.0777777777778332,1.1811111111111,0,0,30,Continuity
None,Player-visible continuity,Continuity.MoneyMismatchRate,paired_snapshots=60,30,0.7,0.65,0.74583333333325,0.6916666666666667,0.883333333333,0.83749999999975,0.9,0.8716666666666334,0.0,0.0,0.0,0.0,-0.1799999999999667,-0.21166666666669995,-0.14833333333326665,29,1,0,0.6916666666666667,0.6655555555555334,0.7172222222221334,0,0,30,Continuity
None,Player-visible continuity,Continuity.MoneyNormalizedMAE,abs_error_div_max_1_abs_oracle,30,0.6478571428575,0.570525793651,0.7130952380955,0.6498571428571667,2.0483531746035,1.7289285714290001,2.20634920634925,1.9857328042328668,0.0,0.0,0.0,0.0,-1.3358756613757,-1.4172739087301485,-1.2516953042329362,30,0,0,0.6498571428571667,0.6123728505290876,0.6880198743386825,0,0,30,Continuity
None,Player-visible continuity,Continuity.PersistentIDMismatchRate,paired_snapshots=60,30,0.0,0.0,0.0,0.0,0.0,0.0,0.0,0.0,0.0,0.0,0.0,0.0,0.0,0.0,0.0,0,30,0,0.0,0.0,0.0,0,30,0,Continuity
None,Player-visible continuity,Continuity.ProfessionMismatchRate,paired_snapshots=60,30,0.0,0.0,0.0,0.0,0.0,0.0,0.0,0.0,0.0,0.0,0.0,0.0,0.0,0.0,0.0,0,30,0,0.0,0.0,0.0,0,30,0,Continuity
None,Player-visible continuity,Continuity.RepairCreditMAE,coin_per_paired_snapshot,30,0.0,0.0,0.0,0.0,0.0,0.0,0.0,0.0,0.0,0.0,0.0,0.0,0.0,0.0,0.0,0,30,0,0.0,0.0,0.0,0,30,0,Continuity
None,Player-visible continuity,Continuity.RepairCreditMismatchRate,paired_snapshots=60,30,0.0,0.0,0.0,0.0,0.0,0.0,0.0,0.0,0.0,0.0,0.0,0.0,0.0,0.0,0.0,0,30,0,0.0,0.0,0.0,0,30,0,Continuity
None,Player-visible continuity,Continuity.RepairCreditNormalizedMAE,abs_error_div_max_1_abs_oracle,30,0.0,0.0,0.0,0.0,0.0,0.0,0.0,0.0,0.0,0.0,0.0,0.0,0.0,0.0,0.0,0,30,0,0.0,0.0,0.0,0,30,0,Continuity
None,Player-visible continuity,Continuity.TaskActiveStatusMismatchRate,paired_snapshots=60,30,0.9083333333335,0.866666666667,0.933333333333,0.8905555555555666,0.0916666666665,0.066666666667,0.133333333333,0.10944444444443333,0.0,0.0,0.0,0.0,0.7811111111111333,0.7411111111110648,0.8188888888889333,0,0,30,0.8905555555555666,0.8705555555555322,0.9094444444444666,0,0,30,Continuity
None,Player-visible continuity,Continuity.TaskRemainingHoursMAE,hours;paired_same_goal_active_snapshots=0,30,0.0,0.0,0.0,0.6758241758241667,0.0,0.0,0.0,0.0,0.0,0.0,0.0,0.0,0.6758241758241667,0.19487179487179998,1.256053113553057,0,24,6,0.6758241758241667,0.19487179487179998,1.256053113553057,0,24,6,Continuity
None,Macro trajectory error,Trajectory.DamagedWaiting,N=100,30,0.0,0.0,0.0,0.0,0.010058986815,0.010058986815,0.010058986815,0.009643071940866667,0.0,0.0,0.0,0.0,-0.009643071940866667,-0.00997617395346667,-0.009309391626266669,30,0,0,0.0,0.0,0.0,0,30,0,Primary accuracy
None,Macro trajectory error,Trajectory.ForestWood,16N=1600,30,0.0,0.0,0.0,0.0,0.00330828889,0.00330828889,0.00330828889,0.00330828889,0.0,0.0,0.0,0.0,-0.00330828889,-0.0033082888899999994,-0.003308288889999998,30,0,0,0.0,0.0,0.0,0,30,0,Primary accuracy
None,Macro trajectory error,Trajectory.MarketWoodAvailable,2N=200,30,0.003164469119,0.002831367106,0.00378903539225,0.0032810548231000003,0.151707147814,0.150957668286,0.152456627342,0.15284432107316667,0.0,0.0,0.0,0.0,-0.14956326625006666,-0.15119430950699997,-0.1479766365947,30,0,0,0.0032810548231000003,0.0030867453158000004,0.003475364330433334,0,0,30,Primary accuracy
None,Macro trajectory error,Trajectory.Repaired,N=100,30,0.0,0.0,0.0,0.0,0.010058986815,0.010058986815,0.010058986815,0.009643071940866667,0.0,0.0,0.0,0.0,-0.009643071940866667,-0.00997617395346667,-0.009309391626266669,30,0,0,0.0,0.0,0.0,0,30,0,Primary accuracy
None,Macro trajectory error,Trajectory.TreasuryAvailable,5N=500,30,0.0,0.0,0.0,0.0,0.0,0.0,0.0,0.0,0.0,0.0,0.0,0.0,0.0,0.0,0.0,0,30,0,0.0,0.0,0.0,0,30,0,Primary accuracy
None,Macro trajectory error,Trajectory.UnderRepair,N=100,30,0.0,0.0,0.0,0.0,0.001387925052,0.001387925052,0.001387925052,0.0013368031458333332,0.0,0.0,0.0,0.0,-0.0013368031458333332,-0.0013784408974333335,-0.0012940087900666667,30,0,0,0.0,0.0,0.0,0,30,0,Primary accuracy
None,Macro trajectory error,Trajectory.WoodPrice,P0=1,30,0.002082785589,0.0018915832355,0.0024871886805,0.002172379147233333,0.5517390283965,0.55115359291625,0.562721643138,0.5524647814073667,0.0,0.0,0.0,0.0,-0.5502924022601333,-0.554055045618615,-0.5456496798270983,30,0,0,0.002172379147233333,0.002018951850340834,0.0023266287171158327,0,0,30,Primary accuracy
HarvestCap,Behavior distribution,Behavior.TVD,fixed_8_categories,30,0.000322086015,0.000134233713,0.000751284535,0.0005079889914333333,0.775135400191,0.77289862384875,0.77544365646825,0.7741104448339999,0.0,0.0,0.0,0.0,-0.7736024558425666,-0.7745215872821282,-0.7725878502589799,30,0,0,0.0005079889914333333,0.00036134222301916673,0.0006723934818816667,0,1,29,Primary accuracy
HarvestCap,Commitment continuity diagnostic,Continuity.CommitmentTaskActiveStatusMismatchRate,restore_home_relevant_paired_snapshots=1,30,0.0,0.0,0.0,0.0,0.9166666666665,0.5,1.0,0.7253968253968,0.0,0.0,0.0,0.0,-0.7253968253968,-0.8400000000000001,-0.6007936507936333,27,3,0,0.0,0.0,0.0,0,30,0,Secondary commitment diagnostic
HarvestCap,Commitment continuity diagnostic,Continuity.CommitmentTaskRemainingHoursMAE,hours;paired_restore_home_active_snapshots=0,30,0.0,0.0,0.0,1.9809523809523666,0.0,0.0,0.0,0.0,0.0,0.0,0.0,0.0,1.9809523809523666,0.4666666666666667,4.0285714285714,0,24,6,1.9809523809523666,0.4666666666666667,4.0285714285714,0,24,6,Secondary commitment diagnostic
HarvestCap,Player-visible continuity,Continuity.CurrentGoalMismatchRate,paired_snapshots=60,30,0.016666666667,0.016666666667,0.033333333333,0.025000000000133336,0.05,0.033333333333,0.07916666666649999,0.05333333333333334,0.0,0.0,0.0,0.0,-0.028333333333199998,-0.0383333333332,-0.018333333333233337,21,6,3,0.025000000000133336,0.018333333333466668,0.03222222222226667,0,5,25,Continuity
HarvestCap,Internal diagnostic,Continuity.Diagnostic.EventIDExactMismatchRate,paired_snapshots=60;internal_representation_only,30,1.0,1.0,1.0,1.0,0.0916666666665,0.066666666667,0.133333333333,0.10944444444443333,0.0,0.0,0.0,0.0,0.8905555555555666,0.8705555555554999,0.9094444444444666,0,0,30,1.0,1.0,1.0,0,0,30,Diagnostic only
HarvestCap,Internal diagnostic,Continuity.Diagnostic.ReservationIDExactMismatchRate,paired_snapshots=60;internal_representation_only,30,0.0,0.0,0.0,0.0,0.0,0.0,0.0,0.0,0.0,0.0,0.0,0.0,0.0,0.0,0.0,0,30,0,0.0,0.0,0.0,0,30,0,Diagnostic only
HarvestCap,Internal diagnostic,Continuity.Diagnostic.TaskProgressExactMismatchRate,paired_snapshots=60;internal_representation_only,30,0.9083333333335,0.8708333333335,0.933333333333,0.8972222222221666,0.0916666666665,0.066666666667,0.133333333333,0.10944444444443333,0.0,0.0,0.0,0.0,0.7877777777777334,0.7488888888888333,0.8238888888888667,0,0,30,0.8972222222221666,0.8783333333332999,0.9144444444444332,0,0,30,Diagnostic only
HarvestCap,Player-visible continuity,Continuity.FirstActionMismatchRate,paired_snapshots=60,30,0.033333333333,0.016666666667,0.04583333333325,0.032222222222266665,0.05,0.033333333333,0.083333333333,0.056666666666666664,0.0,0.0,0.0,0.0,-0.024444444444400002,-0.03444444444443333,-0.014999999999999996,21,6,3,0.032222222222266665,0.02444444444443334,0.0405555555556,0,4,26,Continuity
HarvestCap,Player-visible continuity,Continuity.HomeIDMismatchRate,paired_snapshots=60,30,0.0,0.0,0.0,0.0,0.0,0.0,0.0,0.0,0.0,0.0,0.0,0.0,0.0,0.0,0.0,0,30,0,0.0,0.0,0.0,0,30,0,Continuity
HarvestCap,Player-visible continuity,Continuity.HomeStateMismatchRate,paired_snapshots=60,30,0.033333333333,0.016666666667,0.04583333333325,0.032222222222266665,0.166666666667,0.133333333333,0.21250000000025,0.17166666666670002,0.0,0.0,0.0,0.0,-0.13944444444443332,-0.15333333333319998,-0.1255555555555,30,0,0,0.032222222222266665,0.02444444444443334,0.0405555555556,0,4,26,Continuity
HarvestCap,Player-visible continuity,Continuity.InventoryWoodMAE,wood_per_paired_snapshot,30,0.066666666667,0.066666666667,0.133333333333,0.1066666666667,0.3916666666665,0.316666666667,0.466666666667,0.40222222222230003,0.0,0.0,0.0,0.0,-0.2955555555556,-0.3411111111111,-0.25166666666680004,30,0,0,0.1066666666667,0.07555555555559999,0.14000000000003332,0,7,23,Continuity
HarvestCap,Player-visible continuity,Continuity.InventoryWoodMismatchRate,paired_snapshots=60,30,0.016666666667,0.016666666667,0.033333333333,0.0266666666667,0.266666666667,0.25,0.366666666667,0.31333333333336666,0.0,0.0,0.0,0.0,-0.2866666666666667,-0.3205555555554333,-0.2561111111112,30,0,0,0.0266666666667,0.018888888888933333,0.03500000000003333,0,7,23,Continuity
HarvestCap,Player-visible continuity,Continuity.InventoryWoodNormalizedMAE,abs_error_div_max_1_abs_oracle,30,0.066666666667,0.016666666667,0.09583333333325,0.06333333333336667,0.2604166666665,0.24687499999975,0.354166666667,0.30555555555563335,0.0,0.0,0.0,0.0,-0.24222222222226666,-0.28124999999993416,-0.20513888888890003,30,0,0,0.06333333333336667,0.04333333333336666,0.08444444444449999,0,7,23,Continuity
HarvestCap,Player-visible continuity,Continuity.KingdomMismatchRate,paired_snapshots=60,30,0.0,0.0,0.0,0.0,0.0,0.0,0.0,0.0,0.0,0.0,0.0,0.0,0.0,0.0,0.0,0,30,0,0.0,0.0,0.0,0,30,0,Continuity
HarvestCap,Player-visible continuity,Continuity.MoneyMAE,coin_per_paired_snapshot,30,1.1416666666665,1.02500000000025,1.216666666667,1.1299999999999666,3.116666666667,2.9666666666665,3.1958333333332503,3.0911111111111333,0.0,0.0,0.0,0.0,-1.9611111111111668,-2.0500000000000673,-1.8683333333333332,30,0,0,1.1299999999999666,1.0777777777778002,1.1811111111110333,0,0,30,Continuity
HarvestCap,Player-visible continuity,Continuity.MoneyMismatchRate,paired_snapshots=60,30,0.7,0.65,0.74583333333325,0.6916666666666667,0.9,0.866666666667,0.933333333333,0.8916666666666333,0.0,0.0,0.0,0.0,-0.19999999999996668,-0.23277777777773334,-0.16722222222223335,30,0,0,0.6916666666666667,0.6655555555555334,0.7172222222221667,0,0,30,Continuity
HarvestCap,Player-visible continuity,Continuity.MoneyNormalizedMAE,abs_error_div_max_1_abs_oracle,30,0.6478571428575,0.570525793651,0.7130952380955,0.6498571428571667,2.224206349206,1.928115079365,2.39565476190475,2.1669642857143,0.0,0.0,0.0,0.0,-1.5171071428571332,-1.6113083002645818,-1.417981349206338,30,0,0,0.6498571428571667,0.6127354497354984,0.688031878306865,0,0,30,Continuity
HarvestCap,Player-visible continuity,Continuity.PersistentIDMismatchRate,paired_snapshots=60,30,0.0,0.0,0.0,0.0,0.0,0.0,0.0,0.0,0.0,0.0,0.0,0.0,0.0,0.0,0.0,0,30,0,0.0,0.0,0.0,0,30,0,Continuity
HarvestCap,Player-visible continuity,Continuity.ProfessionMismatchRate,paired_snapshots=60,30,0.0,0.0,0.0,0.0,0.0,0.0,0.0,0.0,0.0,0.0,0.0,0.0,0.0,0.0,0.0,0,30,0,0.0,0.0,0.0,0,30,0,Continuity
HarvestCap,Player-visible continuity,Continuity.RepairCreditMAE,coin_per_paired_snapshot,30,0.0,0.0,0.0,0.0,0.0,0.0,0.0,0.0,0.0,0.0,0.0,0.0,0.0,0.0,0.0,0,30,0,0.0,0.0,0.0,0,30,0,Continuity
HarvestCap,Player-visible continuity,Continuity.RepairCreditMismatchRate,paired_snapshots=60,30,0.0,0.0,0.0,0.0,0.0,0.0,0.0,0.0,0.0,0.0,0.0,0.0,0.0,0.0,0.0,0,30,0,0.0,0.0,0.0,0,30,0,Continuity
HarvestCap,Player-visible continuity,Continuity.RepairCreditNormalizedMAE,abs_error_div_max_1_abs_oracle,30,0.0,0.0,0.0,0.0,0.0,0.0,0.0,0.0,0.0,0.0,0.0,0.0,0.0,0.0,0.0,0,30,0,0.0,0.0,0.0,0,30,0,Continuity
HarvestCap,Player-visible continuity,Continuity.TaskActiveStatusMismatchRate,paired_snapshots=60,30,0.9083333333335,0.866666666667,0.933333333333,0.8905555555555666,0.0916666666665,0.066666666667,0.133333333333,0.10944444444443333,0.0,0.0,0.0,0.0,0.7811111111111333,0.7411111111109999,0.8188888888889334,0,0,30,0.8905555555555666,0.8705555555554999,0.9094444444444666,0,0,30,Continuity
HarvestCap,Player-visible continuity,Continuity.TaskRemainingHoursMAE,hours;paired_same_goal_active_snapshots=0,30,0.0,0.0,0.0,0.6758241758241667,0.0,0.0,0.0,0.0,0.0,0.0,0.0,0.0,0.6758241758241667,0.19487179487179998,1.2571428571428,0,24,6,0.6758241758241667,0.19487179487179998,1.2571428571428,0,24,6,Continuity
HarvestCap,Policy-effect error,PolicyEffect.DamagedWaiting,N=100,30,0.0,0.0,0.0,0.0,6.592644e-05,6.592644e-05,6.592644e-05,6.361323156666666e-05,0.0,0.0,0.0,0.0,-6.361323156666666e-05,-6.557945873333332e-05,-6.130002319999999e-05,30,0,0,0.0,0.0,0.0,0,30,0,Primary accuracy
HarvestCap,Policy-effect error,PolicyEffect.ForestWood,16N=1600,30,0.0,0.0,0.0,0.0,0.000265717295,0.00026473892,0.000265717295,0.00026329697066666667,0.0,0.0,0.0,0.0,-0.00026329697066666667,-0.00026503103263333336,-0.00026143245869999994,30,0,0,0.0,0.0,0.0,0,30,0,Primary accuracy
HarvestCap,Policy-effect error,PolicyEffect.MarketWoodAvailable,2N=200,30,0.0,0.0,0.0,7.21721027e-05,0.077239764053,0.077239764053,0.077239764053,0.0764271339349,0.0,0.0,0.0,0.0,-0.07635496183219999,-0.07784455239423332,-0.07470437196410001,30,0,0,7.21721027e-05,0.0,0.00018320610686666666,0,28,2,Primary accuracy
HarvestCap,Policy-effect error,PolicyEffect.Repaired,N=100,30,0.0,0.0,0.0,0.0,6.592644e-05,6.592644e-05,6.592644e-05,6.361323156666666e-05,0.0,0.0,0.0,0.0,-6.361323156666666e-05,-6.557945873333332e-05,-6.130002319999999e-05,30,0,0,0.0,0.0,0.0,0,30,0,Primary accuracy
HarvestCap,Policy-effect error,PolicyEffect.TreasuryAvailable,5N=500,30,0.0,0.0,0.0,0.0,0.0,0.0,0.0,0.0,0.0,0.0,0.0,0.0,0.0,0.0,0.0,0,30,0,0.0,0.0,0.0,0,30,0,Primary accuracy
HarvestCap,Policy-effect error,PolicyEffect.UnderRepair,N=100,30,0.0,0.0,0.0,0.0,0.00013185288,0.00013185288,0.00013185288,0.00012722646316666665,0.0,0.0,0.0,0.0,-0.00012722646316666665,-0.00013115891746666664,-0.00012260004636666666,30,0,0,0.0,0.0,0.0,0,30,0,Primary accuracy
HarvestCap,Policy-effect error,PolicyEffect.WoodPrice,P0=1,30,8.90498755e-05,6.8427021e-05,0.00010694037125,0.0001748672387,0.2858813289255,0.28270151755125,0.28589828297275,0.28487382372833336,0.0,0.0,0.0,0.0,-0.2846989564896333,-0.2869348114570575,-0.28240782909119666,30,0,0,0.0001748672387,7.65283676175e-05,0.00031872978242999993,0,0,30,Primary accuracy
HarvestCap,Macro trajectory error,Trajectory.DamagedWaiting,N=100,30,0.0,0.0,0.0,0.0,0.009993060375,0.009993060375,0.009993060375,0.009579458709433332,0.0,0.0,0.0,0.0,-0.009579458709433332,-0.009910594494766665,-0.009247975942899998,30,0,0,0.0,0.0,0.0,0,30,0,Primary accuracy
HarvestCap,Macro trajectory error,Trajectory.ForestWood,16N=1600,30,0.0,0.0,0.0,0.0,0.003140432591,0.003140432591,0.003140822838,0.0031416540226,0.0,0.0,0.0,0.0,-0.0031416540226,-0.003142602549766666,-0.003140757528366665,30,0,0,0.0,0.0,0.0,0,30,0,Primary accuracy
HarvestCap,Macro trajectory error,Trajectory.MarketWoodAvailable,2N=200,30,0.003164469119,0.0028730048575,0.003830673144,0.0033532269258,0.115064191534,0.114564538515,0.1153556557945,0.11499271339343334,0.0,0.0,0.0,0.0,-0.11163948646763333,-0.11193869997690169,-0.1113448993754625,30,0,0,0.0033532269258,0.0031589174186000004,0.003558639833433333,0,0,30,Primary accuracy
HarvestCap,Macro trajectory error,Trajectory.Repaired,N=100,30,0.0,0.0,0.0,0.0,0.009993060375,0.009993060375,0.009993060375,0.009579458709433332,0.0,0.0,0.0,0.0,-0.009579458709433332,-0.009910594494766665,-0.009247975942899998,30,0,0,0.0,0.0,0.0,0,30,0,Primary accuracy
HarvestCap,Macro trajectory error,Trajectory.TreasuryAvailable,5N=500,30,0.0,0.0,0.0,0.0,0.0,0.0,0.0,0.0,0.0,0.0,0.0,0.0,0.0,0.0,0.0,0,30,0,0.0,0.0,0.0,0,30,0,Primary accuracy
HarvestCap,Macro trajectory error,Trajectory.UnderRepair,N=100,30,0.0,0.0,0.0,0.0,0.001325468425,0.001318528799,0.001325468425,0.0012690261393666668,0.0,0.0,0.0,0.0,-0.0012690261393666668,-0.0013127457785000003,-0.0012243812167666665,30,0,0,0.0,0.0,0.0,0,30,0,Primary accuracy
HarvestCap,Macro trajectory error,Trajectory.WoodPrice,P0=1,30,0.0022910217604999996,0.00197150543375,0.00269368248725,0.002341663217566667,0.383005024616,0.382470552785,0.38849817917225,0.3883341490814333,0.0,0.0,0.0,0.0,-0.38599248586386664,-0.3900932747240882,-0.38246259413392253,30,0,0,0.002341663217566667,0.0021762094201199997,0.0025134984683174997,0,0,30,Primary accuracy
StateImport,Behavior distribution,Behavior.TVD,fixed_8_categories,30,0.000322086015,0.000134233713,0.000751284535,0.0005115433517,0.7853648336925,0.785182670424,0.785512712438,0.7840899350236,0.0,0.0,0.0,0.0,-0.7835783916719,-0.7847087554030375,-0.7823635483426276,30,0,0,0.0005115433517,0.00036139445809833337,0.0006724818747350001,0,1,29,Primary accuracy
StateImport,Commitment continuity diagnostic,Continuity.CommitmentTaskActiveStatusMismatchRate,restore_home_relevant_paired_snapshots=0,30,0.0,0.0,0.0,0.0,1.0,1.0,1.0,0.9,0.0,0.0,0.0,0.0,-0.9,-1.0,-0.7666666666666667,27,3,0,0.0,0.0,0.0,0,30,0,Secondary commitment diagnostic
StateImport,Commitment continuity diagnostic,Continuity.CommitmentTaskRemainingHoursMAE,hours;paired_restore_home_active_snapshots=0,30,0.0,0.0,0.0,1.9809523809523666,0.0,0.0,0.0,0.0,0.0,0.0,0.0,0.0,1.9809523809523666,0.4666666666666667,4.0,0,24,6,1.9809523809523666,0.4666666666666667,4.0,0,24,6,Secondary commitment diagnostic
StateImport,Player-visible continuity,Continuity.CurrentGoalMismatchRate,paired_snapshots=60,30,0.016666666667,0.016666666667,0.033333333333,0.025000000000133336,0.033333333333,0.016666666667,0.066666666667,0.04333333333336666,0.0,0.0,0.0,0.0,-0.018333333333233334,-0.029444444444333338,-0.008333333333266664,16,9,5,0.025000000000133336,0.018333333333500002,0.0322222222223,0,5,25,Continuity
StateImport,Internal diagnostic,Continuity.Diagnostic.EventIDExactMismatchRate,paired_snapshots=60;internal_representation_only,30,1.0,1.0,1.0,1.0,0.0916666666665,0.066666666667,0.133333333333,0.10944444444443333,0.0,0.0,0.0,0.0,0.8905555555555666,0.8705555555554666,0.9094444444444333,0,0,30,1.0,1.0,1.0,0,0,30,Diagnostic only
StateImport,Internal diagnostic,Continuity.Diagnostic.ReservationIDExactMismatchRate,paired_snapshots=60;internal_representation_only,30,0.0,0.0,0.0,0.0,0.0,0.0,0.0,0.0,0.0,0.0,0.0,0.0,0.0,0.0,0.0,0,30,0,0.0,0.0,0.0,0,30,0,Diagnostic only
StateImport,Internal diagnostic,Continuity.Diagnostic.TaskProgressExactMismatchRate,paired_snapshots=60;internal_representation_only,30,0.9083333333335,0.8708333333335,0.933333333333,0.8972222222221666,0.0916666666665,0.066666666667,0.133333333333,0.10944444444443333,0.0,0.0,0.0,0.0,0.7877777777777334,0.7488888888887999,0.8238888888887668,0,0,30,0.8972222222221666,0.8783333333332999,0.9144444444443999,0,0,30,Diagnostic only
StateImport,Player-visible continuity,Continuity.FirstActionMismatchRate,paired_snapshots=60,30,0.033333333333,0.016666666667,0.04583333333325,0.032222222222266665,0.033333333333,0.016666666667,0.066666666667,0.04333333333336666,0.0,0.0,0.0,0.0,-0.011111111111099999,-0.021111111110999996,-0.0027777777777000007,14,9,7,0.032222222222266665,0.024444444444466674,0.0405555555556,0,4,26,Continuity
StateImport,Player-visible continuity,Continuity.HomeIDMismatchRate,paired_snapshots=60,30,0.0,0.0,0.0,0.0,0.0,0.0,0.0,0.0,0.0,0.0,0.0,0.0,0.0,0.0,0.0,0,30,0,0.0,0.0,0.0,0,30,0,Continuity
StateImport,Player-visible continuity,Continuity.HomeStateMismatchRate,paired_snapshots=60,30,0.033333333333,0.016666666667,0.04583333333325,0.032222222222266665,0.166666666667,0.116666666667,0.183333333333,0.16222222222226668,0.0,0.0,0.0,0.0,-0.13,-0.14500000000000002,-0.11555555555556667,30,0,0,0.032222222222266665,0.024444444444466674,0.0405555555556,0,4,26,Continuity
StateImport,Player-visible continuity,Continuity.InventoryWoodMAE,wood_per_paired_snapshot,30,0.066666666667,0.066666666667,0.133333333333,0.1066666666667,0.566666666667,0.533333333333,0.6,0.5799999999999333,0.0,0.0,0.0,0.0,-0.47333333333323335,-0.5022222222221333,-0.44555555555539994,30,0,0,0.1066666666667,0.07555555555559999,0.14000000000003332,0,7,23,Continuity
StateImport,Player-visible continuity,Continuity.InventoryWoodMismatchRate,paired_snapshots=60,30,0.016666666667,0.016666666667,0.033333333333,0.0266666666667,0.5,0.5,0.5,0.5,0.0,0.0,0.0,0.0,-0.4733333333333,-0.48111111111106664,-0.4649999999999667,30,0,0,0.0266666666667,0.018888888888933333,0.03500000000003333,0,7,23,Continuity
StateImport,Player-visible continuity,Continuity.InventoryWoodNormalizedMAE,abs_error_div_max_1_abs_oracle,30,0.066666666667,0.016666666667,0.09583333333325,0.06333333333336667,0.491666666667,0.4875,0.495833333333,0.4899999999999333,0.0,0.0,0.0,0.0,-0.42666666666656666,-0.4472222222221,-0.4047222222222,30,0,0,0.06333333333336667,0.04333333333339999,0.08444444444443334,0,7,23,Continuity
StateImport,Player-visible continuity,Continuity.KingdomMismatchRate,paired_snapshots=60,30,0.0,0.0,0.0,0.0,0.0,0.0,0.0,0.0,0.0,0.0,0.0,0.0,0.0,0.0,0.0,0,30,0,0.0,0.0,0.0,0,30,0,Continuity
StateImport,Player-visible continuity,Continuity.MoneyMAE,coin_per_paired_snapshot,30,1.1416666666665,1.02500000000025,1.216666666667,1.1299999999999666,2.616666666667,2.529166666667,2.71250000000025,2.6261111111111335,0.0,0.0,0.0,0.0,-1.4961111111111667,-1.5772222222223344,-1.4133333333334335,30,0,0,1.1299999999999666,1.0772222222221666,1.181666666666701,0,0,30,Continuity
StateImport,Player-visible continuity,Continuity.MoneyMismatchRate,paired_snapshots=60,30,0.7,0.63749999999975,0.74583333333325,0.6916666666667,0.883333333333,0.85,0.9,0.8716666666666666,0.0,0.0,0.0,0.0,-0.1799999999999667,-0.21333333333326665,-0.1466666666666333,29,1,0,0.6916666666667,0.6649999999999999,0.7183333333333,0,0,30,Continuity
StateImport,Player-visible continuity,Continuity.MoneyNormalizedMAE,abs_error_div_max_1_abs_oracle,30,0.6478571428575,0.570525793651,0.7130952380955,0.6498571428571667,1.8293253968254999,1.61956349206325,2.0173908730162498,1.8154470899471333,0.0,0.0,0.0,0.0,-1.1655899470899667,-1.2387778108464509,-1.0904126322752024,30,0,0,0.6498571428571667,0.6111070767196025,0.6889179894179674,0,0,30,Continuity
StateImport,Player-visible continuity,Continuity.PersistentIDMismatchRate,paired_snapshots=60,30,0.0,0.0,0.0,0.0,0.0,0.0,0.0,0.0,0.0,0.0,0.0,0.0,0.0,0.0,0.0,0,30,0,0.0,0.0,0.0,0,30,0,Continuity
StateImport,Player-visible continuity,Continuity.ProfessionMismatchRate,paired_snapshots=60,30,0.0,0.0,0.0,0.0,0.0,0.0,0.0,0.0,0.0,0.0,0.0,0.0,0.0,0.0,0.0,0,30,0,0.0,0.0,0.0,0,30,0,Continuity
StateImport,Player-visible continuity,Continuity.RepairCreditMAE,coin_per_paired_snapshot,30,0.0,0.0,0.0,0.0,0.0,0.0,0.0,0.0,0.0,0.0,0.0,0.0,0.0,0.0,0.0,0,30,0,0.0,0.0,0.0,0,30,0,Continuity
StateImport,Player-visible continuity,Continuity.RepairCreditMismatchRate,paired_snapshots=60,30,0.0,0.0,0.0,0.0,0.0,0.0,0.0,0.0,0.0,0.0,0.0,0.0,0.0,0.0,0.0,0,30,0,0.0,0.0,0.0,0,30,0,Continuity
StateImport,Player-visible continuity,Continuity.RepairCreditNormalizedMAE,abs_error_div_max_1_abs_oracle,30,0.0,0.0,0.0,0.0,0.0,0.0,0.0,0.0,0.0,0.0,0.0,0.0,0.0,0.0,0.0,0,30,0,0.0,0.0,0.0,0,30,0,Continuity
StateImport,Player-visible continuity,Continuity.TaskActiveStatusMismatchRate,paired_snapshots=60,30,0.9083333333335,0.866666666667,0.933333333333,0.8905555555555666,0.0916666666665,0.066666666667,0.133333333333,0.10944444444443333,0.0,0.0,0.0,0.0,0.7811111111111333,0.7411111111109333,0.8188888888888666,0,0,30,0.8905555555555666,0.8705555555554666,0.9094444444444333,0,0,30,Continuity
StateImport,Player-visible continuity,Continuity.TaskRemainingHoursMAE,hours;paired_same_goal_active_snapshots=0,30,0.0,0.0,0.0,0.6758241758241667,0.0,0.0,0.0,0.0,0.0,0.0,0.0,0.0,0.6758241758241667,0.2,1.2567765567765332,0,24,6,0.6758241758241667,0.2,1.2567765567765332,0,24,6,Continuity
StateImport,Policy-effect error,PolicyEffect.DamagedWaiting,N=100,30,0.0,0.0,0.0,0.0,5.2047189e-05,5.2047189e-05,5.2047189e-05,5.21628496e-05,0.0,0.0,0.0,0.0,-5.21628496e-05,-5.28568122e-05,-5.146888703333333e-05,30,0,0,0.0,0.0,0.0,0,30,0,Primary accuracy
StateImport,Policy-effect error,PolicyEffect.ForestWood,16N=1600,30,0.0,0.0,0.0,0.0,0.0,0.0,0.0,0.0,0.0,0.0,0.0,0.0,0.0,0.0,0.0,0,30,0,0.0,0.0,0.0,0,30,0,Primary accuracy
StateImport,Policy-effect error,PolicyEffect.MarketWoodAvailable,2N=200,30,0.0,0.0,0.0,0.0,0.116752255378,0.114746703678,0.116752255378,0.11651653944006667,0.0,0.0,0.0,0.0,-0.11651653944006667,-0.11826902613913334,-0.11477631274560003,30,0,0,0.0,0.0,0.0,0,30,0,Primary accuracy
StateImport,Policy-effect error,PolicyEffect.Repaired,N=100,30,0.0,0.0,0.0,0.0,5.2047189e-05,5.2047189e-05,5.2047189e-05,5.21628496e-05,0.0,0.0,0.0,0.0,-5.21628496e-05,-5.28568122e-05,-5.146888703333333e-05,30,0,0,0.0,0.0,0.0,0,30,0,Primary accuracy
StateImport,Policy-effect error,PolicyEffect.TreasuryAvailable,5N=500,30,0.0,0.0,0.0,0.0,0.0,0.0,0.0,0.0,0.0,0.0,0.0,0.0,0.0,0.0,0.0,0,30,0,0.0,0.0,0.0,0,30,0,Primary accuracy
StateImport,Policy-effect error,PolicyEffect.UnderRepair,N=100,30,0.0,0.0,0.0,0.0,0.000104094379,0.000104094379,0.000104094379,0.00010432569983333333,0.0,0.0,0.0,0.0,-0.00010432569983333333,-0.00010571362483333337,-0.00010293777483333331,30,0,0,0.0,0.0,0.0,0,30,0,Primary accuracy
StateImport,Policy-effect error,PolicyEffect.WoodPrice,P0=1,30,0.00010141755,3.5621283e-05,0.00012158606075,8.17366065e-05,0.18155444805499998,0.14507154354675,0.18161038577925,0.1703836514648,0.0,0.0,0.0,0.0,-0.1703019148583,-0.179135651469775,-0.16147919213630582,30,0,0,8.17366065e-05,6.521013672666667e-05,9.749881539916668e-05,0,0,30,Primary accuracy
StateImport,Macro trajectory error,Trajectory.DamagedWaiting,N=100,30,0.0,0.0,0.0,0.0,0.010111034004,0.010111034004,0.010114503817,0.009695234790666666,0.0,0.0,0.0,0.0,-0.009695234790666666,-0.010028915105233332,-0.009360976173933333,30,0,0,0.0,0.0,0.0,0,30,0,Primary accuracy
StateImport,Macro trajectory error,Trajectory.ForestWood,16N=1600,30,0.0,0.0,0.0,0.0,0.00330828889,0.00330828889,0.00330828889,0.00330828889,0.0,0.0,0.0,0.0,-0.00330828889,-0.0033082888899999994,-0.003308288889999998,30,0,0,0.0,0.0,0.0,0,30,0,Primary accuracy
StateImport,Macro trajectory error,Trajectory.MarketWoodAvailable,2N=200,30,0.003164469119,0.002831367106,0.00378903539225,0.0032810548231000003,0.268709229702,0.267709923664,0.2756488549615,0.26936086051346664,0.0,0.0,0.0,0.0,-0.26607980569036666,-0.26840781864436664,-0.2635515845477459,30,0,0,0.0032810548231000003,0.0030867453158000004,0.0034753643304333334,0,0,30,Primary accuracy
StateImport,Macro trajectory error,Trajectory.Repaired,N=100,30,0.0,0.0,0.0,0.0,0.010111034004,0.010111034004,0.010114503817,0.009695234790666666,0.0,0.0,0.0,0.0,-0.009695234790666666,-0.010028915105233332,-0.009360976173933333,30,0,0,0.0,0.0,0.0,0,30,0,Primary accuracy
StateImport,Macro trajectory error,Trajectory.TreasuryAvailable,5N=500,30,0.0,0.0,0.0,0.0,0.0,0.0,0.0,0.0,0.0,0.0,0.0,0.0,0.0,0.0,0.0,0,30,0,0.0,0.0,0.0,0,30,0,Primary accuracy
StateImport,Macro trajectory error,Trajectory.UnderRepair,N=100,30,0.0,0.0,0.0,0.0,0.001443442054,0.001443442054,0.001443442054,0.0013902382603333335,0.0,0.0,0.0,0.0,-0.0013902382603333335,-0.0014328012952666664,-0.0013476752253999999,30,0,0,0.0,0.0,0.0,0,30,0,Primary accuracy
StateImport,Macro trajectory error,Trajectory.WoodPrice,P0=1,30,0.0019923599359999997,0.0018576144814999999,0.00239849635675,0.0020919140600666668,0.40895950583100005,0.40810435034250003,0.44944257788675,0.4178854906166333,0.0,0.0,0.0,0.0,-0.4157935765565667,-0.426349505723825,-0.40463318040187835,30,0,0,0.0020919140600666668,0.0019530235195266662,0.0022325258849699996,0,0,30,Primary accuracy
RepairAid,Behavior distribution,Behavior.TVD,fixed_8_categories,30,0.000431500587,0.000323353316,0.00053963591,0.00040625148736666666,0.779072429585,0.778961489846,0.779277934464,0.7791257565002667,0.0,0.0,0.0,0.0,-0.7787195050129,-0.7787820713582201,-0.7786617028450524,30,0,0,0.00040625148736666666,0.00034496643943166655,0.0004711310890033334,0,0,30,Primary accuracy
RepairAid,Commitment continuity diagnostic,Continuity.CommitmentTaskActiveStatusMismatchRate,restore_home_relevant_paired_snapshots=0,30,0.0,0.0,0.0,0.0,1.0,1.0,1.0,0.9,0.0,0.0,0.0,0.0,-0.9,-1.0,-0.7666666666666667,27,3,0,0.0,0.0,0.0,0,30,0,Secondary commitment diagnostic
RepairAid,Commitment continuity diagnostic,Continuity.CommitmentTaskRemainingHoursMAE,hours;paired_restore_home_active_snapshots=0,30,0.0,0.0,0.0,1.9809523809523666,0.0,0.0,0.0,0.0,0.0,0.0,0.0,0.0,1.9809523809523666,0.4666666666666667,4.0,0,24,6,1.9809523809523666,0.4666666666666667,4.0,0,24,6,Secondary commitment diagnostic
RepairAid,Player-visible continuity,Continuity.CurrentGoalMismatchRate,paired_snapshots=60,30,0.016666666667,0.016666666667,0.033333333333,0.023888888889,0.033333333333,0.016666666667,0.066666666667,0.04333333333336666,0.0,0.0,0.0,0.0,-0.019444444444366667,-0.030555555555433333,-0.009444444444399997,16,10,4,0.023888888889,0.01722222222236667,0.031111111111166666,0,6,24,Continuity
RepairAid,Internal diagnostic,Continuity.Diagnostic.EventIDExactMismatchRate,paired_snapshots=60;internal_representation_only,30,1.0,1.0,1.0,1.0,0.0916666666665,0.066666666667,0.133333333333,0.10944444444443333,0.0,0.0,0.0,0.0,0.8905555555555666,0.8705555555555666,0.9094444444444334,0,0,30,1.0,1.0,1.0,0,0,30,Diagnostic only
RepairAid,Internal diagnostic,Continuity.Diagnostic.ReservationIDExactMismatchRate,paired_snapshots=60;internal_representation_only,30,0.0,0.0,0.0,0.0,0.0,0.0,0.0,0.0,0.0,0.0,0.0,0.0,0.0,0.0,0.0,0,30,0,0.0,0.0,0.0,0,30,0,Diagnostic only
RepairAid,Internal diagnostic,Continuity.Diagnostic.TaskProgressExactMismatchRate,paired_snapshots=60;internal_representation_only,30,0.9083333333335,0.866666666667,0.933333333333,0.8961111111111,0.0916666666665,0.066666666667,0.133333333333,0.10944444444443333,0.0,0.0,0.0,0.0,0.7866666666666666,0.7477777777778667,0.8227777777778666,0,0,30,0.8961111111111,0.8772222222222333,0.9138888888888331,0,0,30,Diagnostic only
RepairAid,Player-visible continuity,Continuity.FirstActionMismatchRate,paired_snapshots=60,30,0.033333333333,0.016666666667,0.033333333333,0.031111111111133335,0.033333333333,0.016666666667,0.066666666667,0.04333333333336666,0.0,0.0,0.0,0.0,-0.012222222222233332,-0.021666666666799998,-0.0033333333334666666,14,10,6,0.031111111111133335,0.0233333333333,0.039444444444499994,0,5,25,Continuity
RepairAid,Player-visible continuity,Continuity.HomeIDMismatchRate,paired_snapshots=60,30,0.0,0.0,0.0,0.0,0.0,0.0,0.0,0.0,0.0,0.0,0.0,0.0,0.0,0.0,0.0,0,30,0,0.0,0.0,0.0,0,30,0,Continuity
RepairAid,Player-visible continuity,Continuity.HomeStateMismatchRate,paired_snapshots=60,30,0.033333333333,0.016666666667,0.033333333333,0.031111111111133335,0.166666666667,0.133333333333,0.183333333333,0.1672222222223,0.0,0.0,0.0,0.0,-0.13611111111116667,-0.1527777777778,-0.12111111111126666,30,0,0,0.031111111111133335,0.0233333333333,0.039444444444499994,0,5,25,Continuity
RepairAid,Player-visible continuity,Continuity.InventoryWoodMAE,wood_per_paired_snapshot,30,0.066666666667,0.066666666667,0.133333333333,0.1066666666667,0.216666666667,0.15,0.25,0.21333333333333332,0.0,0.0,0.0,0.0,-0.10666666666663334,-0.13888888888883333,-0.07777777777779998,30,0,0,0.1066666666667,0.07555555555559999,0.14000000000003332,0,7,23,Continuity
RepairAid,Player-visible continuity,Continuity.InventoryWoodMismatchRate,paired_snapshots=60,30,0.016666666667,0.016666666667,0.033333333333,0.0266666666667,0.1,0.1,0.116666666667,0.1083333333333,0.0,0.0,0.0,0.0,-0.0816666666666,-0.08888888888886666,-0.0749999999999,30,0,0,0.0266666666667,0.018888888888933333,0.03500000000003333,0,7,23,Continuity
RepairAid,Player-visible continuity,Continuity.InventoryWoodNormalizedMAE,abs_error_div_max_1_abs_oracle,30,0.066666666667,0.016666666667,0.09583333333325,0.06333333333336667,0.1,0.091666666667,0.116666666667,0.10458333333333333,0.0,0.0,0.0,0.0,-0.04124999999996667,-0.06013888888880001,-0.02208333333326667,24,0,6,0.06333333333336667,0.04333333333339999,0.08444444444443334,0,7,23,Continuity
RepairAid,Player-visible continuity,Continuity.KingdomMismatchRate,paired_snapshots=60,30,0.0,0.0,0.0,0.0,0.0,0.0,0.0,0.0,0.0,0.0,0.0,0.0,0.0,0.0,0.0,0,30,0,0.0,0.0,0.0,0,30,0,Continuity
RepairAid,Player-visible continuity,Continuity.MoneyMAE,coin_per_paired_snapshot,30,1.183333333333,1.0708333333334998,1.25,1.1783333333333668,2.925,2.7416666666669998,3.004166666667,2.8861111111111,0.0,0.0,0.0,0.0,-1.7077777777777332,-1.7861111111111334,-1.6244444444444002,30,0,0,1.1783333333333668,1.1300000000000001,1.2266666666667334,0,0,30,Continuity
RepairAid,Player-visible continuity,Continuity.MoneyMismatchRate,paired_snapshots=60,30,0.733333333333,0.683333333333,0.783333333333,0.7327777777777,0.883333333333,0.85416666666675,0.9291666666664999,0.8838888888888333,0.0,0.0,0.0,0.0,-0.15111111111113334,-0.18388888888889998,-0.11777777777786666,29,0,1,0.7327777777777,0.7066666666665332,0.7588888888887999,0,0,30,Continuity
RepairAid,Player-visible continuity,Continuity.MoneyNormalizedMAE,abs_error_div_max_1_abs_oracle,30,0.6983531746035,0.6049305555555,0.75917658730175,0.6879126984128666,2.009642857143,1.751984126984,2.17873015873,1.9676521164022334,0.0,0.0,0.0,0.0,-1.2797394179893666,-1.3626855158729625,-1.193760317460236,30,0,0,0.6879126984128666,0.651788359788565,0.7248532076721818,0,0,30,Continuity
RepairAid,Player-visible continuity,Continuity.PersistentIDMismatchRate,paired_snapshots=60,30,0.0,0.0,0.0,0.0,0.0,0.0,0.0,0.0,0.0,0.0,0.0,0.0,0.0,0.0,0.0,0,30,0,0.0,0.0,0.0,0,30,0,Continuity
RepairAid,Player-visible continuity,Continuity.ProfessionMismatchRate,paired_snapshots=60,30,0.0,0.0,0.0,0.0,0.0,0.0,0.0,0.0,0.0,0.0,0.0,0.0,0.0,0.0,0.0,0,30,0,0.0,0.0,0.0,0,30,0,Continuity
RepairAid,Player-visible continuity,Continuity.RepairCreditMAE,coin_per_paired_snapshot,30,0.0,0.0,0.0,0.0088888888889,0.0,0.0,0.0,0.011111111111066666,0.0,0.0,0.0,0.0,-0.0022222222221666673,-0.011111111111066668,0.005555555555633333,3,25,2,0.0088888888889,0.0027777777778,0.016111111111166664,0,23,7,Continuity
RepairAid,Player-visible continuity,Continuity.RepairCreditMismatchRate,paired_snapshots=60,30,0.0,0.0,0.0,0.0044444444445,0.0,0.0,0.0,0.0055555555556,0.0,0.0,0.0,0.0,-0.0011111111111,-0.005555555555533333,0.0022222222222666667,2,26,2,0.0044444444445,0.0016666666667000001,0.0077777777778333355,0,23,7,Continuity
RepairAid,Player-visible continuity,Continuity.RepairCreditNormalizedMAE,abs_error_div_max_1_abs_oracle,30,0.0,0.0,0.0,0.005833333333366666,0.0,0.0,0.0,0.0055555555556,0.0,0.0,0.0,0.0,0.0002777777777666664,-0.0050000000001333336,0.0063888888889,3,25,2,0.005833333333366666,0.0016666666667000001,0.011388888888966667,0,23,7,Continuity
RepairAid,Player-visible continuity,Continuity.TaskActiveStatusMismatchRate,paired_snapshots=60,30,0.9083333333335,0.866666666667,0.933333333333,0.8905555555555666,0.0916666666665,0.066666666667,0.133333333333,0.10944444444443333,0.0,0.0,0.0,0.0,0.7811111111111333,0.7411111111111333,0.8188888888888667,0,0,30,0.8905555555555666,0.8705555555555665,0.9094444444444334,0,0,30,Continuity
RepairAid,Player-visible continuity,Continuity.TaskRemainingHoursMAE,hours;paired_same_goal_active_snapshots=0,30,0.0,0.0,0.0,0.6758241758241667,0.0,0.0,0.0,0.0,0.0,0.0,0.0,0.0,0.6758241758241667,0.2,1.2567765567765332,0,24,6,0.6758241758241667,0.2,1.2567765567765332,0,24,6,Continuity
RepairAid,Policy-effect error,PolicyEffect.DamagedWaiting,N=100,30,0.0,0.0,0.0,0.0,0.002498265094,0.002498265094,0.002498265094,0.0020828128616666667,0.0,0.0,0.0,0.0,-0.0020828128616666667,-0.0024149895908333334,-0.0017504048116333338,30,0,0,0.0,0.0,0.0,0,30,0,Primary accuracy
RepairAid,Policy-effect error,PolicyEffect.ForestWood,16N=1600,30,0.0,0.0,0.0,0.0,0.0,0.0,0.0,0.0,0.0,0.0,0.0,0.0,0.0,0.0,0.0,0,30,0,0.0,0.0,0.0,0,30,0,Primary accuracy
RepairAid,Policy-effect error,PolicyEffect.MarketWoodAvailable,2N=200,30,0.0026648161,0.002331714087,0.0029562803605,0.002653712699466667,0.007494795281,0.007161693269,0.0079944483,0.009707610455766668,0.0,0.0,0.0,0.0,-0.0070538977563,-0.008939856581200835,-0.005467730742666667,30,0,0,0.002653712699466667,0.0025038167938333336,0.0028091603053,0,0,30,Primary accuracy
RepairAid,Policy-effect error,PolicyEffect.Repaired,N=100,30,0.0,0.0,0.0,0.0,0.002498265094,0.002498265094,0.002498265094,0.0020828128616666667,0.0,0.0,0.0,0.0,-0.0020828128616666667,-0.0024149895908333334,-0.0017504048116333338,30,0,0,0.0,0.0,0.0,0,30,0,Primary accuracy
RepairAid,Policy-effect error,PolicyEffect.TreasuryAvailable,5N=500,30,0.005696044414,0.003797362942,0.007594725885,0.005253018737,0.007594725885,0.005696044414,0.009493407356,0.007151700208199999,0.0,0.0,0.0,0.0,-0.0018986814711999997,-0.0018986814713666666,-0.0018986814710666667,30,0,0,0.005253018737,0.004177099236566667,0.006392227619666666,0,3,27,Primary accuracy
RepairAid,Policy-effect error,PolicyEffect.UnderRepair,N=100,30,0.0,0.0,0.0,0.0,0.000333102012,0.000333102012,0.000333102012,0.0002798982185,0.0,0.0,0.0,0.0,-0.0002798982185,-0.0003224612533,-0.00023687254196666667,30,0,0,0.0,0.0,0.0,0,30,0,Primary accuracy
RepairAid,Policy-effect error,PolicyEffect.WoodPrice,P0=1,30,0.0017985670855,0.0014697476022499999,0.00216621119025,0.0018198399052666667,0.014739171161,0.014459911392750002,0.015005394319,0.019028138500233334,0.0,0.0,0.0,0.0,-0.017208298594966667,-0.02224731393118417,-0.0134305560933025,30,0,0,0.0018198399052666667,0.0016770334666066668,0.0019654883817599995,0,0,30,Primary accuracy
RepairAid,Macro trajectory error,Trajectory.DamagedWaiting,N=100,30,0.0,0.0,0.0,0.0,0.007560721721,0.007560721721,0.007564191534,0.007562340966999999,0.0,0.0,0.0,0.0,-0.007562340966999999,-0.007563150589966666,-0.007561647004433333,30,0,0,0.0,0.0,0.0,0,30,0,Primary accuracy
RepairAid,Macro trajectory error,Trajectory.ForestWood,16N=1600,30,0.0,0.0,0.0,0.0,0.00330828889,0.00330828889,0.00330828889,0.00330828889,0.0,0.0,0.0,0.0,-0.00330828889,-0.0033082888899999994,-0.003308288889999998,30,0,0,0.0,0.0,0.0,0,30,0,Primary accuracy
RepairAid,Macro trajectory error,Trajectory.MarketWoodAvailable,2N=200,30,0.000666204025,0.000499653019,0.000832755031,0.0006273421234333332,0.150624566273,0.150291464261,0.16027758501,0.15502382604666665,0.0,0.0,0.0,0.0,-0.15439648392323332,-0.15670992366416667,-0.15241036317366669,30,0,0,0.0006273421234333332,0.0005329632198333334,0.0007272727271333333,0,0,30,Primary accuracy
RepairAid,Macro trajectory error,Trajectory.Repaired,N=100,30,0.0,0.0,0.0,0.0,0.007560721721,0.007560721721,0.007564191534,0.007562340966999999,0.0,0.0,0.0,0.0,-0.007562340966999999,-0.007563150589966666,-0.007561647004433333,30,0,0,0.0,0.0,0.0,0,30,0,Primary accuracy
RepairAid,Macro trajectory error,Trajectory.TreasuryAvailable,5N=500,30,0.005696044414,0.003797362942,0.007594725885,0.005253018737,0.007594725885,0.005696044414,0.009493407356,0.007151700208199999,0.0,0.0,0.0,0.0,-0.0018986814711999997,-0.0018986814713666666,-0.0018986814710666667,30,0,0,0.005253018737,0.004177099236566667,0.006392227619666666,0,3,27,Primary accuracy
RepairAid,Macro trajectory error,Trajectory.UnderRepair,N=100,30,0.0,0.0,0.0,0.0,0.001075641915,0.001075641915,0.001082581541,0.0010788804070666666,0.0,0.0,0.0,0.0,-0.0010788804070666666,-0.0010804996530666667,-0.0010774924819,30,0,0,0.0,0.0,0.0,0,30,0,Primary accuracy
RepairAid,Macro trajectory error,Trajectory.WoodPrice,P0=1,30,0.000484339711,0.000356114438,0.000617871266,0.00046091333620000005,0.561602868435,0.561506055056,0.573367644118,0.5670613444858333,0.0,0.0,0.0,0.0,-0.5666004311496333,-0.5693438419461399,-0.5642181660655825,30,0,0,0.00046091333620000005,0.0003862862056724999,0.0005377749785049998,0,0,30,Primary accuracy
